run_ID,observer_id
2023A_1A,juliabryant
2023A_1A,tomwoodrow
2023A_1A,tomrutherford
2023A_1A,susietuntipong
2023A_1B,stefaniabarsanti
2023A_1B,henryzovaro
2023A_1B,minapak
2023A_2A,juliabryant
2023A_2A,tomwoodrow
2023A_2A,mattowers
2023A_2A,oguzhancakir
2023A_2A,angellopezsanchez
2023A_2A,pablocorchocaballero
2023A_2B,samvaughan
2023A_2B,madushagunawardhana
2023A_2B,yifanmai
2023A_3A,samvaughan
2023A_3A,tomwoodrow
2023A_3A,gabbyquattropani
2023A_3B,madushagunawardhana
2023A_3B,sreeoh
2023A_3B,carofoster
2023A_3B,ryanbagge
2023A_3B,sadafaliakbarzadeh
2023B_1,tomwoodrow
2023B_1,tomrutherford
2023B_1,oguzhancakir
2023B_2A,tomwoodrow
2023B_2A,juliabryant
2023B_2A,andreiristea
2023B_2A,pratyushdas
2023B_2B,stefaniabarsanti
2023B_2B,gabbyquattropani
2023V_2B,susietuntipong
2023B_3,tomwoodrow
2023B_3,susietuntipong
2023B_3,tomrutherford
2023B_4A,tomwoodrow
2023B_4A,jessevandesande
2023B_4A,yifanmai
2023B_4B,samvaughan
2023B_4B,katiegrasha
2023B_4B,minapak
2023B_5A,tomwoodrow
2023B_5A,henryzovaro
2023B_5A,jessevandesande
2023B_5B,oguzhancakir
2023B_5B,madushagunawardhana
2023B_5B,mattowers
2023B_5B,carofoster